{"cameraMode":{"drawMode":0,"name":"Shaded","section":"Shading Mode"},"sceneLighting":true,"audioPlay":false,"sceneViewState":{"showFog":true,"showMaterialUpdate":false,"showSkybox":true,"showFlares":true,"showImageEffects":true,"showParticleSystems":true},"in2DMode":false,"pivot":{"x":-2.9468517303466799,"y":1.6256358623504639,"z":3.0685601234436037},"rotation":{"x":-0.1397344172000885,"y":-0.5833200812339783,"z":0.10272154211997986,"w":-0.7935150861740112},"size":-0.5294345617294312,"orthographic":false}